TIME,BARALT,MBS,AIRT,DRAD,LAT,LON,GPS,ALT
13:03:16,3567.0,900.85,17.1,19.2,34.49166666666667,-103.78333333333333,1262.0,
13:04:16,4246.0,877.75,23.3,19.6,34.49333333333333,-103.78333333333333,1380.0,
13:05:16,4999.0,852.67,23.0,19.9,34.498333333333335,-103.78666666666666,1624.0,
13:06:16,5771.0,827.59,21.2,20.3,34.501666666666665,-103.79166666666667,1914.0,
13:07:16,6541.0,803.17,19.4,20.3,34.50666666666667,-103.795,2166.0,
13:08:16,7299.0,779.74,18.2,19.9,34.50833333333333,-103.79833333333333,2416.0,
13:09:17,8075.0,756.31,16.4,19.6,34.50833333333333,-103.8,2653.0,
13:10:17,8826.0,734.2,14.0,18.6,34.50833333333333,-103.79833333333333,2933.0,
13:11:17,9642.0,710.77,11.8,17.3,34.50666666666667,-103.79666666666667,3192.0,
13:12:17,10338.0,691.3,10.5,15.7,34.50666666666667,-103.79333333333334,3466.0,
13:13:17,10928.0,675.13,12.0,15.1,34.50666666666667,-103.79,3663.0,
13:14:17,11543.0,658.63,11.1,14.5,34.50666666666667,-103.78833333333333,3867.0,
13:15:17,12170.0,642.13,9.9,14.2,34.50666666666667,-103.78666666666666,4077.0,
13:16:17,12785.0,626.29,8.7,13.6,34.50833333333333,-103.78666666666666,4300.0,
13:17:17,13560.0,606.82,7.0,12.8,34.51,-103.78666666666666,4536.0,
13:18:17,14164.0,591.97,5.4,12.2,34.51166666666666,-103.785,4776.0,
13:19:17,14851.0,575.47,3.6,11.1,34.513333333333335,-103.785,5007.0,
13:20:17,15527.0,559.63,1.9,10.1,34.515,-103.785,5196.0,
13:21:17,16175.0,544.78,0.9,9.0,34.516666666666666,-103.78166666666667,5418.0,
13:22:17,16779.0,531.25,-0.6,8.3,34.516666666666666,-103.78,5632.0,
13:23:17,17655.0,512.11,-2.4,7.6,34.51833333333333,-103.77666666666667,5874.0,
13:24:17,18402.0,496.27,-4.6,6.8,34.52,-103.77333333333333,6133.0,
13:25:17,19169.0,480.43,-6.3,5.9,34.52,-103.77166666666666,6388.0,
13:26:17,19726.0,469.21,-8.0,5.0,34.52,-103.77,6650.0,
13:27:17,20430.0,455.35,-8.0,4.1,34.52,-103.76833333333333,6856.0,
13:28:17,21240.0,439.84,-9.1,3.5,34.52166666666667,-103.76666666666667,7093.0,
13:29:17,21823.0,428.95,-11.3,2.7,34.52333333333333,-103.76666666666667,7337.0,
13:30:17,22548.0,415.75,-12.1,1.9,34.525,-103.76666666666667,7579.0,
13:31:18,23482.0,399.25,-14.1,0.7,34.526666666666664,-103.76666666666667,7833.0,
13:32:18,24040.0,389.68,-16.3,-0.1,34.528333333333336,-103.76666666666667,8091.0,
13:33:18,24949.0,374.5,-18.7,-1.0,34.528333333333336,-103.76833333333333,8324.0,
13:34:18,25642.0,363.28,-21.2,-2.1,34.53,-103.77,8606.0,
13:35:18,26461.0,350.41,-26.2,-3.3,34.53,-103.77166666666666,8894.0,
13:36:18,27594.0,333.25,-24.7,-4.7,34.528333333333336,-103.775,9167.0,
13:37:18,28294.0,323.02,-26.2,-5.3,34.53,-103.77666666666667,9432.0,
13:38:18,28827.0,315.43,-27.5,-6.3,34.53333333333333,-103.78,9695.0,
13:39:18,29708.0,303.22,-30.2,-6.9,34.535,-103.78333333333333,9928.0,
13:40:18,30823.0,288.37,-31.4,-7.8,34.538333333333334,-103.78833333333333,10201.0,
13:41:18,31517.0,279.46,-33.4,-8.8,34.54,-103.795,10466.0,
13:42:18,32177.0,271.21,-35.3,-9.8,34.54333333333334,-103.80333333333333,10733.0,
13:43:18,32664.0,265.27,-35.5,-11.0,34.545,-103.815,10984.0,
13:44:18,33897.0,250.75,-39.0,-11.8,34.54833333333333,-103.82666666666667,11185.0,
13:45:18,34685.0,241.84,-39.2,-12.7,34.55166666666667,-103.83833333333334,11440.0,
13:46:18,35196.0,236.23,-41.7,-13.2,34.553333333333335,-103.85333333333334,11719.0,
13:47:18,36250.0,225.01,-43.8,-14.1,34.556666666666665,-103.86666666666666,11988.0,
13:48:18,37387.0,213.46,-46.0,-14.9,34.556666666666665,-103.88333333333334,12259.0,
13:49:18,37892.0,208.51,-47.4,-16.0,34.55833333333333,-103.89833333333333,12583.0,
13:50:19,38899.0,198.94,-51.4,-16.8,34.56,-103.91333333333333,12860.0,
13:51:19,39329.0,194.98,-54.9,-18.0,34.56,-103.92833333333333,13149.0,
13:52:19,40747.0,182.44,-57.4,-19.4,34.56,-103.94333333333333,13437.0,
13:53:19,42216.0,170.23,-61.0,-20.9,34.56,-103.96,13726.0,
13:54:19,43095.0,163.3,-63.6,-22.5,34.55833333333333,-103.97166666666666,14016.0,
13:55:19,43223.0,162.31,-60.0,-23.1,34.55833333333333,-103.98,14321.0,
13:56:19,44595.0,152.08,-61.2,-23.3,34.556666666666665,-103.98666666666666,14594.0,
13:57:19,44916.0,149.77,-64.1,-23.3,34.556666666666665,-103.99166666666666,14875.0,
13:58:19,46154.0,141.19,-68.3,-23.6,34.556666666666665,-103.99666666666667,15140.0,
13:59:19,46850.0,136.57,-68.9,-24.6,34.55833333333333,-104.0,15366.0,
14:00:19,47568.0,131.95,-65.1,-25.2,34.56,-104.0,15641.0,
14:01:19,48474.0,126.34,-66.9,-24.9,34.56166666666667,-103.99833333333333,15864.0,
14:02:19,49081.0,122.71,-70.3,-24.3,34.565,-103.99833333333333,16073.0,
14:03:19,49821.0,118.42,-66.2,-24.0,34.56666666666667,-104.0,16284.0,
14:04:19,50467.0,114.79,-69.3,-23.3,34.568333333333335,-102.00333333333333,16508.0,
14:05:19,51319.0,110.17,-72.3,-23.3,34.568333333333335,-102.005,16730.0,
14:06:19,51758.0,107.86,-71.6,-23.0,34.568333333333335,-102.00833333333334,16968.0,
14:07:19,52466.0,104.23,-67.3,-22.9,34.56666666666667,-102.01,17184.0,
14:08:19,53131.0,100.93,-68.3,-22.2,34.56666666666667,-102.00833333333334,17365.0,
14:09:19,56039.0,87.66,-67.5,-21.4,34.56666666666667,-102.005,17528.0,
14:10:19,56572.0,85.42,-68.1,-20.9,34.568333333333335,-102.00333333333333,17684.0,
14:11:19,57166.0,82.99,-66.1,-20.9,34.568333333333335,-102.00166666666667,17841.0,
14:12:20,57569.0,81.38,-65.8,-19.0,34.568333333333335,-102.0,17982.0,
14:13:20,57862.0,80.23,-64.4,-18.1,34.57,-102.0,18086.0,
14:14:20,58342.0,78.38,-67.7,-17.5,34.57,-102.0,18196.0,
14:15:20,59095.0,75.56,-63.3,-17.7,34.57,-102.00166666666667,18388.0,
14:16:20,59852.0,72.83,-63.8,-17.6,34.56666666666667,-102.0,18618.0,
14:17:20,60502.0,70.56,-62.3,-17.0,34.565,-103.99833333333333,18808.0,
14:18:20,61204.0,68.19,-62.2,-16.7,34.56333333333333,-103.99666666666667,19016.0,
14:19:20,61909.0,65.89,-62.0,-16.1,34.56166666666667,-103.99333333333334,19223.0,
14:20:20,62408.0,64.31,-63.8,-15.2,34.56166666666667,-103.99,19396.0,
14:21:20,62899.0,62.79,-64.3,-15.0,34.56166666666667,-103.985,19529.0,
14:22:20,63366.0,61.38,-60.5,-14.3,34.56,-103.98333333333333,19663.0,
14:23:20,63891.0,59.83,-59.2,-13.5,34.55833333333333,-103.98,19828.0,
14:24:20,64441.0,58.25,-58.1,-13.1,34.55833333333333,-103.97666666666667,19993.0,
14:25:20,65054.0,56.54,-62.9,-12.7,34.55833333333333,-103.97333333333333,20151.0,
14:26:20,65723.0,54.73,-58.6,-12.3,34.556666666666665,-103.97,20352.0,
14:27:20,66321.0,53.16,-57.4,-12.3,34.555,-103.965,20538.0,
14:28:20,66850.0,51.81,-54.0,-11.8,34.555,-103.96,20721.0,
14:29:20,67435.0,50.36,-59.0,-11.2,34.555,-103.95333333333333,20883.0,
14:30:20,68091.0,48.78,-53.9,-11.3,34.556666666666665,-103.94833333333334,21071.0,
14:31:20,68769.0,47.2,-58.7,-10.4,34.55833333333333,-103.945,21273.0,
14:32:20,69530.0,45.49,-53.2,-9.9,34.56,-103.94,21485.0,
14:33:20,70226.0,43.98,-56.1,-9.1,34.55833333333333,-103.93333333333334,21695.0,
14:34:20,70919.0,42.53,-57.8,-8.6,34.55833333333333,-103.92666666666666,21910.0,
14:35:21,71565.0,41.22,-52.6,-8.2,34.56,-103.92,22109.0,
14:36:21,72202.0,39.97,-57.8,-7.4,34.56,-103.91666666666667,22335.0,
14:37:21,72774.0,38.88,-56.7,-8.2,34.56,-103.91166666666666,22509.0,
14:38:21,73489.0,37.56,-53.6,-9.0,34.56,-103.905,22692.0,
14:39:21,74374.0,35.99,-57.1,-9.8,34.56166666666667,-103.9,22941.0,
14:40:21,75246.0,34.51,-52.1,-10.4,34.56166666666667,-103.895,23211.0,
14:41:21,76057.0,33.19,-51.5,-9.8,34.56166666666667,-103.88833333333334,23454.0,
14:42:21,76791.0,32.04,-57.2,-8.5,34.56166666666667,-103.88166666666666,23679.0,
14:43:21,77600.0,30.82,-50.9,-7.6,34.56,-103.87333333333333,23904.0,
14:44:21,78465.0,29.57,-51.4,-7.2,34.56,-103.86333333333333,24184.0,
14:45:21,79220.0,28.52,-55.3,-6.1,34.56,-103.85666666666667,24442.0,
14:46:21,79831.0,27.7,-48.6,-5.0,34.55833333333333,-103.84833333333333,24620.0,
14:47:21,80469.0,26.87,-47.4,-4.2,34.55833333333333,-103.84166666666667,24802.0,
14:48:21,81249.0,25.89,-47.6,-3.3,34.55833333333333,-103.83333333333333,25018.0,
14:49:21,82128.0,24.83,-47.1,-2.3,34.556666666666665,-103.82666666666667,25259.0,
14:50:21,82950.0,23.88,-47.8,-1.7,34.555,-103.81666666666666,25516.0,
14:51:21,83752.0,22.99,-50.7,-1.0,34.553333333333335,-103.80833333333334,25790.0,
14:52:21,84519.0,22.17,-47.2,-0.6,34.55,-103.79833333333333,26013.0,
14:53:21,85120.0,21.55,-47.5,-0.4,34.55,-103.78833333333333,26225.0,
14:54:21,85648.0,21.02,-42.8,0.5,34.55,-103.78,26380.0,
14:55:21,86326.0,20.36,-42.8,1.7,34.55,-103.77,26543.0,
14:56:21,87027.0,19.7,-46.3,2.5,34.55,-103.76166666666667,26749.0,
14:57:22,87967.0,18.85,-44.3,2.9,34.54833333333333,-103.75,27058.0,
14:58:22,88811.0,18.12,-47.1,2.5,34.54833333333333,-103.74,27319.0,
14:59:22,89716.0,17.37,-47.8,2.5,34.55,-103.73,27554.0,
15:00:22,90586.0,16.68,-43.7,2.7,34.55,-103.72,27834.0,
15:01:22,91414.0,16.05,-42.8,5.5,34.55,-103.71,28063.0,
15:02:22,92000.0,15.62,-49.4,4.0,34.55,-103.70333333333333,28289.0,
15:03:22,92503.0,15.26,-41.6,4.6,34.55,-103.69666666666667,28450.0,
15:04:22,93311.0,14.7,-39.5,5.3,34.54833333333333,-103.68833333333333,28627.0,
15:05:22,94400.0,13.98,-39.6,5.8,34.54666666666667,-103.68,28941.0,
15:06:22,95452.0,13.32,-39.5,6.0,34.545,-103.67,29280.0,
15:07:22,96440.0,12.73,-46.7,6.7,34.54333333333334,-103.65833333333333,29536.0,
15:08:22,97191.0,12.3,-47.1,7.1,34.541666666666664,-103.64833333333333,29818.0,
15:09:22,98082.0,11.81,-40.0,7.4,34.538333333333334,-103.63833333333334,30067.0,
15:10:22,98955.0,11.35,-39.6,7.9,34.53666666666667,-103.62833333333333,30285.0,
15:11:22,99604.0,11.02,-37.9,8.9,34.53666666666667,-103.61666666666666,30537.0,
15:12:22,100275.0,10.69,-36.4,9.6,34.53666666666667,-103.60166666666667,30748.0,
15:13:22,101033.0,10.33,-39.4,10.1,34.53666666666667,-103.59166666666667,30941.0,
15:14:22,101291.0,10.21,-36.0,10.9,34.53666666666667,-103.57833333333333,31190.0,
15:15:22,102291.0,9.76,-42.1,11.2,34.54,-103.56666666666666,31469.0,
15:16:22,103270.0,9.34,-34.4,10.9,34.54333333333334,-103.55666666666667,31778.0,
15:17:22,104097.0,9.0,-36.8,11.5,34.54666666666667,-103.545,32060.0,
15:18:22,105062.0,8.62,-39.2,11.5,34.55166666666667,-103.53333333333333,32305.0,
15:19:22,106073.0,8.24,-35.2,11.5,34.555,-103.525,32641.0,
15:20:23,106766.0,7.99,-34.5,11.7,34.555,-103.51666666666667,32888.0,
15:21:23,107395.0,7.77,-40.6,12.3,34.555,-103.51,33072.0,
15:22:23,108104.0,7.53,-34.7,12.3,34.555,-103.505,33262.0,
15:23:23,109087.0,7.21,-34.0,13.1,34.556666666666665,-103.49666666666667,33526.0,
15:24:23,110350.0,6.82,-35.1,13.1,34.556666666666665,-103.49166666666666,33834.0,
15:25:23,111305.0,6.54,-38.6,13.1,34.555,-103.48166666666667,34199.0,
15:26:23,111907.0,6.37,-36.2,16.4,34.553333333333335,-103.47,34434.0,
15:27:23,112342.0,6.25,-33.7,14.6,34.556666666666665,-103.45833333333333,34555.0,
15:28:23,113087.0,6.05,-29.8,14.6,34.56,-103.45,34716.0,
15:29:23,114176.0,5.77,-37.5,14.9,34.56333333333333,-103.43833333333333,35036.0,
15:30:23,114948.0,5.58,-29.5,15.2,34.56333333333333,-103.425,35310.0,
15:31:23,115407.0,5.47,-27.8,15.5,34.56166666666667,-103.415,35452.0,
15:32:23,116007.0,5.33,-36.4,15.8,34.56,-103.40333333333334,35623.0,
15:33:23,116623.0,5.19,-31.2,16.1,34.556666666666665,-103.39,35817.0,
15:34:23,116803.0,5.15,-26.5,16.4,34.553333333333335,-103.37666666666667,35932.0,
15:35:23,117029.0,5.1,-29.5,20.8,34.54833333333333,-103.36,35961.0,
15:36:23,117817.0,4.93,-32.7,18.0,34.54333333333334,-103.34333333333333,36116.0,
15:37:23,118634.0,4.76,-24.2,21.2,34.54,-103.32833333333333,36369.0,
15:38:23,119382.0,4.61,-28.0,21.2,34.53666666666667,-103.30666666666667,36653.0,
15:39:23,119843.0,4.52,-30.5,21.5,34.538333333333334,-103.285,36805.0,
15:40:23,119739.0,4.54,-30.0,21.5,34.541666666666664,-103.27,36844.0,
15:41:23,119946.0,4.5,-22.2,18.7,34.54666666666667,-103.25333333333333,36835.0,
15:42:23,120633.0,4.37,-15.5,21.5,34.55166666666667,-103.23666666666666,36982.0,
15:43:24,121067.0,4.29,-21.7,22.3,34.556666666666665,-103.21833333333333,37184.0,
15:44:24,120957.0,4.31,-27.6,21.9,34.56333333333333,-103.19833333333334,37224.0,
15:45:24,120155.0,4.46,-27.9,18.7,34.568333333333335,-103.18166666666667,37074.0,
15:46:24,119843.0,4.52,-25.3,18.7,34.575,-103.16,36861.0,
15:47:24,120208.0,4.45,-19.4,19.7,34.58,-103.14,36904.0,
15:48:24,120903.0,4.32,-24.5,20.8,34.585,-103.12333333333333,37077.0,
15:49:24,121121.0,4.28,-22.6,21.5,34.59166666666667,-103.10333333333334,37223.0,
15:50:24,120849.0,4.33,-27.2,21.2,34.596666666666664,-103.085,37209.0,
15:51:24,120366.0,4.42,-29.8,18.7,34.60166666666667,-103.07,37072.0,
15:52:24,120208.0,4.45,-28.7,16.8,34.608333333333334,-103.05,36959.0,
15:53:24,120473.0,4.4,-29.4,17.1,34.61333333333333,-103.02833333333334,36986.0,
15:54:24,120795.0,4.34,-21.7,18.7,34.61833333333333,-103.01166666666667,37078.0,
15:55:24,121121.0,4.28,-27.2,20.1,34.625,-104.99166666666666,37208.0,
15:56:24,120903.0,4.32,-26.3,20.8,34.63166666666667,-104.97333333333333,37206.0,
15:57:24,120261.0,4.44,-25.2,21.2,34.63666666666667,-104.95666666666666,37071.0,
15:58:24,119843.0,4.52,-17.5,21.5,34.641666666666666,-104.93833333333333,36881.0,
15:59:24,120051.0,4.48,-19.6,22.6,34.64833333333333,-104.91833333333334,36872.0,
16:00:24,120473.0,4.4,-22.5,24.2,34.655,-104.9,36982.0,
16:01:24,120741.0,4.35,-25.3,24.6,34.66166666666667,-104.88333333333334,37090.0,
16:02:24,120903.0,4.32,-25.7,24.2,34.66833333333334,-104.86666666666666,37149.0,
16:03:24,121012.0,4.3,-25.2,23.0,34.675,-104.84833333333333,37200.0,
16:04:24,120903.0,4.32,-24.9,20.8,34.681666666666665,-104.83333333333333,37203.0,
16:05:25,120741.0,4.35,-24.3,18.0,34.68833333333333,-104.815,37144.0,
16:06:25,120633.0,4.37,-24.3,16.1,34.696666666666665,-104.79666666666667,37094.0,
16:07:25,120741.0,4.35,-24.5,14.3,34.70333333333333,-104.77833333333334,37103.0,
16:08:25,120849.0,4.33,-25.9,13.4,34.711666666666666,-104.76,37137.0,
16:09:25,121121.0,4.28,-26.0,12.6,34.71666666666667,-104.745,37216.0,
16:10:25,121176.0,4.27,-26.1,13.4,34.725,-104.72666666666667,37268.0,
16:11:25,120903.0,4.32,-26.3,14.6,34.73166666666667,-104.71166666666667,37220.0,
16:12:25,120526.0,4.39,-27.7,16.1,34.74,-104.69333333333333,37113.0,
16:13:25,120366.0,4.42,-29.0,18.0,34.748333333333335,-104.67333333333333,37028.0,
16:14:25,120526.0,4.39,-28.0,19.0,34.755,-104.65666666666667,37037.0,
16:15:25,120849.0,4.33,-27.2,20.8,34.763333333333335,-104.63833333333334,37113.0,
16:16:25,121012.0,4.3,-25.5,22.3,34.77,-104.62166666666667,37183.0,
16:17:25,121012.0,4.3,-24.0,23.0,34.778333333333336,-104.60333333333334,37198.0,
16:18:25,121121.0,4.28,-24.5,24.2,34.78666666666667,-104.58333333333333,37226.0,
16:19:25,121121.0,4.28,-26.2,24.6,34.79666666666667,-104.565,37255.0,
16:20:25,121012.0,4.3,-25.9,25.4,34.803333333333335,-104.54833333333333,37226.0,
16:21:25,121012.0,4.3,-25.9,25.4,34.81166666666667,-104.53,37200.0,
16:22:25,121067.0,4.29,-26.2,25.8,34.82,-104.51166666666667,37213.0,
16:23:25,121121.0,4.28,-25.2,26.2,34.82666666666667,-104.49666666666667,37236.0,
16:24:25,121231.0,4.26,-24.6,27.1,34.835,-104.47833333333334,37267.0,
16:25:25,121176.0,4.27,-25.3,27.1,34.843333333333334,-104.46166666666667,37279.0,
16:26:25,121067.0,4.29,-26.6,27.5,34.85166666666667,-104.445,37255.0,
16:27:25,121121.0,4.28,-27.6,27.1,34.858333333333334,-104.43166666666667,37246.0,
16:28:26,121121.0,4.28,-28.2,27.1,34.86666666666667,-104.415,37251.0,
16:29:26,121287.0,4.25,-25.3,27.1,34.875,-104.39833333333333,37274.0,
16:30:26,121398.0,4.23,-28.0,27.1,34.885,-104.38166666666666,37325.0,
16:31:26,121287.0,4.25,-28.5,27.1,34.89333333333333,-104.36666666666666,37300.0,
16:32:26,121176.0,4.27,-29.4,26.2,34.903333333333336,-104.35,37274.0,
16:33:26,121012.0,4.3,-29.7,27.1,34.91166666666667,-104.33333333333333,37238.0,
16:34:26,120903.0,4.32,-28.2,26.7,34.92,-104.32,37178.0,
16:35:26,121121.0,4.28,-28.8,27.1,34.928333333333335,-104.305,37208.0,
16:36:26,121342.0,4.24,-29.3,27.5,34.93833333333333,-104.29,37273.0,
16:37:26,121342.0,4.24,-28.4,27.5,34.946666666666665,-104.275,37306.0,
16:38:26,121342.0,4.24,-30.1,25.4,34.955,-104.25833333333334,37300.0,
16:39:26,121398.0,4.23,-30.0,22.3,34.96333333333333,-104.24166666666666,37310.0,
16:40:26,121342.0,4.24,-29.7,19.8,34.971666666666664,-104.22833333333334,37313.0,
16:41:26,121176.0,4.27,-29.7,17.1,34.98,-104.21166666666667,37275.0,
16:42:26,121067.0,4.29,-30.6,15.5,34.98833333333333,-104.19666666666667,37225.0,
16:43:26,121231.0,4.26,-27.8,14.3,34.998333333333335,-104.18166666666667,37236.0,
16:44:26,121453.0,4.22,-30.3,13.4,35.00666666666667,-104.16666666666667,37306.0,
16:45:26,121509.0,4.21,-30.5,12.0,35.015,-104.15166666666667,37340.0,
16:46:26,121287.0,4.25,-29.7,10.9,35.02333333333333,-104.13833333333334,37312.0,
16:47:26,121067.0,4.29,-30.1,9.9,35.031666666666666,-104.12166666666667,37237.0,
16:48:26,121012.0,4.3,-30.7,9.4,35.041666666666664,-104.10666666666667,37185.0,
16:49:26,121176.0,4.27,-27.8,9.1,35.05,-104.09166666666667,37218.0,
16:50:26,121342.0,4.24,-31.9,9.1,35.05833333333333,-104.07666666666667,37280.0,
16:51:27,121342.0,4.24,-29.6,9.1,35.068333333333335,-104.06166666666667,37296.0,
16:52:27,121287.0,4.25,-29.6,10.2,35.07666666666667,-104.045,37276.0,
16:53:27,121231.0,4.26,-29.7,12.6,35.085,-104.03,37252.0,
16:54:27,121287.0,4.25,-30.1,15.9,35.093333333333334,-104.015,37256.0,
16:55:27,121453.0,4.22,-30.6,18.8,35.10166666666667,-106.0,37293.0,
16:56:27,121509.0,4.21,-27.2,20.9,35.111666666666665,-105.98333333333333,37332.0,
16:57:27,121509.0,4.21,-31.1,22.7,35.12166666666667,-105.96833333333333,37343.0,
16:58:27,121453.0,4.22,-31.8,23.9,35.13166666666667,-105.95333333333333,37328.0,
16:59:27,121342.0,4.24,-31.2,25.1,35.14,-105.93833333333333,37287.0,
17:00:27,121398.0,4.23,-31.1,25.9,35.15,-105.92333333333333,37284.0,
17:01:27,121453.0,4.22,-31.0,26.3,35.16,-105.91,37307.0,
17:02:27,121453.0,4.22,-30.4,27.2,35.17,-105.89666666666666,37301.0,
17:03:27,121453.0,4.22,-31.6,27.6,35.18,-105.88166666666666,37301.0,
17:04:27,121453.0,4.22,-31.2,27.6,35.19,-105.86666666666666,37306.0,
17:05:27,121342.0,4.24,-30.6,28.0,35.2,-105.85166666666667,37280.0,
17:06:27,121398.0,4.23,-30.2,28.0,35.21,-105.83833333333334,37276.0,
17:07:27,121453.0,4.22,-30.1,28.9,35.218333333333334,-105.825,37311.0,
17:08:27,121398.0,4.23,-29.3,28.9,35.23,-105.81,37304.0,
17:09:27,121342.0,4.24,-28.2,28.9,35.24,-105.795,37276.0,
17:10:27,121453.0,4.22,-27.5,29.9,35.248333333333335,-105.78166666666667,37290.0,
17:11:27,121398.0,4.23,-27.2,30.8,35.26,-105.76666666666667,37302.0,
17:12:27,121231.0,4.26,-26.4,30.8,35.27,-105.75333333333333,37266.0,
17:13:28,121287.0,4.25,-26.0,30.8,35.28,-105.74,37260.0,
17:14:28,121398.0,4.23,-30.0,30.8,35.288333333333334,-105.72666666666667,37295.0,
17:15:28,121398.0,4.23,-27.2,28.9,35.29833333333333,-105.715,37309.0,
17:16:28,121342.0,4.24,-27.3,26.3,35.306666666666665,-105.70166666666667,37299.0,
17:17:28,121342.0,4.24,-27.5,23.9,35.31666666666667,-105.69,37284.0,
17:18:28,121398.0,4.23,-27.1,21.3,35.32333333333333,-105.68,37294.0,
17:19:28,121398.0,4.23,-27.3,19.5,35.333333333333336,-105.66666666666667,37306.0,
17:20:28,121453.0,4.22,-31.0,18.2,35.34166666666667,-105.655,37314.0,
17:21:28,121509.0,4.21,-27.1,16.2,35.35,-105.64333333333333,37333.0,
17:22:28,121565.0,4.2,-26.8,16.9,35.36,-105.63166666666666,37353.0,
17:23:28,121565.0,4.2,-26.8,19.2,35.36833333333333,-105.61833333333334,37363.0,
17:24:28,121621.0,4.19,-27.2,21.6,35.37833333333333,-105.60833333333333,37369.0,
17:25:28,121621.0,4.19,-27.2,23.9,35.38666666666666,-105.59666666666666,37375.0,
17:26:28,121733.0,4.17,-27.0,25.9,35.395,-105.585,37389.0,
17:27:28,121733.0,4.17,-27.2,28.1,35.405,-105.57333333333334,37400.0,
17:28:28,121677.0,4.18,-27.4,29.0,35.413333333333334,-105.56166666666667,37394.0,
17:29:28,121565.0,4.2,-27.5,30.8,35.42333333333333,-105.55166666666666,37363.0,
17:30:28,121509.0,4.21,-27.3,30.8,35.43,-105.54166666666667,37342.0,
17:31:28,121565.0,4.2,-27.5,31.8,35.43833333333333,-105.53,37346.0,
17:32:28,121733.0,4.17,-27.9,32.3,35.44833333333333,-105.51833333333333,37379.0,
17:33:28,121733.0,4.17,-28.8,32.3,35.45666666666666,-105.50833333333334,37402.0,
17:34:28,121677.0,4.18,-28.8,32.3,35.465,-105.49666666666667,37389.0,
17:35:28,121677.0,4.18,-28.7,32.8,35.471666666666664,-105.48666666666666,37380.0,
17:36:29,121847.0,4.15,-28.8,32.8,35.48,-105.47666666666667,37410.0,
17:37:29,121903.0,4.14,-30.3,32.8,35.48833333333334,-105.465,37446.0,
17:38:29,121790.0,4.16,-31.1,32.8,35.495,-105.45333333333333,37433.0,
17:39:29,121565.0,4.2,-31.3,32.3,35.50333333333333,-105.44166666666666,37381.0,
17:40:29,121509.0,4.21,-30.0,32.3,35.51,-105.43333333333334,37326.0,
17:41:29,121509.0,4.21,-29.7,32.3,35.51833333333333,-105.42166666666667,37320.0,
17:42:29,121733.0,4.17,-29.5,32.8,35.526666666666664,-105.41,37370.0,
17:43:29,121960.0,4.13,-29.1,33.3,35.535,-105.39833333333333,37433.0,
17:44:29,122017.0,4.12,-28.7,33.8,35.541666666666664,-105.38833333333334,37462.0,
17:45:29,121960.0,4.13,-30.0,33.3,35.55,-105.37666666666667,37455.0,
17:46:29,121790.0,4.16,-31.9,33.3,35.556666666666665,-105.365,37422.0,
17:47:29,121677.0,4.18,-32.7,34.9,35.565,-105.35333333333334,37374.0,
17:48:29,121677.0,4.18,-33.0,32.8,35.571666666666665,-105.34166666666667,37359.0,
17:49:29,121847.0,4.15,-33.9,33.3,35.57833333333333,-105.33166666666666,37397.0,
17:50:29,122017.0,4.12,-32.3,32.3,35.586666666666666,-105.32,37450.0,
17:51:29,122074.0,4.11,-33.2,29.5,35.593333333333334,-105.30666666666667,37484.0,
17:52:29,121847.0,4.15,-31.9,27.7,35.60166666666667,-105.295,37443.0,
17:53:29,121453.0,4.22,-32.5,22.8,35.608333333333334,-105.28333333333333,37332.0,
17:54:29,121398.0,4.23,-33.2,20.3,35.61666666666667,-105.27,37270.0,
17:55:29,121677.0,4.18,-33.2,18.6,35.625,-105.25666666666666,37317.0,
17:56:29,121903.0,4.14,-33.3,18.9,35.63166666666667,-105.24333333333334,37400.0,
17:57:29,121847.0,4.15,-33.4,21.0,35.64,-105.23166666666667,37410.0,
17:58:29,121790.0,4.16,-33.3,22.8,35.64666666666667,-105.21833333333333,37389.0,
17:59:30,121790.0,4.16,-33.0,25.2,35.656666666666666,-105.20333333333333,37378.0,
18:00:30,121790.0,4.16,-32.9,27.3,35.663333333333334,-105.19,37387.0,
18:01:30,121733.0,4.17,-32.5,28.6,35.67166666666667,-105.17833333333333,37372.0,
18:02:30,121733.0,4.17,-32.2,29.9,35.678333333333335,-105.165,37352.0,
18:03:30,121903.0,4.14,-32.8,30.9,35.68666666666667,-105.15333333333334,37386.0,
18:04:30,122017.0,4.12,-34.4,31.4,35.695,-105.13833333333334,37440.0,
18:05:30,122074.0,4.11,-34.8,31.8,35.70166666666667,-105.125,37464.0,
18:06:30,121960.0,4.13,-34.7,31.9,35.71,-105.11166666666666,37450.0,
18:07:30,121677.0,4.18,-34.4,32.3,35.71666666666667,-105.1,37386.0,
18:08:30,121509.0,4.21,-33.4,32.8,35.723333333333336,-105.08666666666667,37307.0,
18:09:30,121621.0,4.19,-32.6,33.3,35.73,-105.075,37304.0,
18:10:30,121847.0,4.15,-34.0,33.9,35.736666666666665,-105.06166666666667,37370.0,
18:11:30,121903.0,4.14,-35.0,33.3,35.745,-105.04833333333333,37414.0,
18:12:30,121733.0,4.17,-34.7,36.5,35.751666666666665,-105.03833333333333,37392.0,
18:13:30,121565.0,4.2,-33.7,33.9,35.76,-105.02333333333333,37327.0,
18:14:30,121733.0,4.17,-33.3,33.9,35.766666666666666,-105.01,37334.0,
18:15:30,121960.0,4.13,-32.4,34.9,35.775,-106.99666666666667,37389.0,
18:16:30,121960.0,4.13,-32.3,37.7,35.781666666666666,-106.98333333333333,37427.0,
18:17:30,121960.0,4.13,-33.0,34.9,35.79,-106.97,37428.0,
18:18:30,121733.0,4.17,-32.4,38.2,35.79666666666667,-106.95666666666666,37388.0,
18:19:30,121677.0,4.18,-32.3,34.9,35.805,-106.94333333333333,37334.0,
18:20:30,121733.0,4.17,-32.8,35.5,35.81333333333333,-106.92833333333333,37333.0,
18:21:31,121790.0,4.16,-32.9,36.0,35.821666666666665,-106.915,37366.0,
18:22:31,121790.0,4.16,-33.4,36.0,35.82833333333333,-106.90166666666667,37375.0,
18:23:31,121733.0,4.17,-33.1,36.0,35.83833333333333,-106.88666666666667,37361.0,
18:24:31,121565.0,4.2,-32.9,39.4,35.845,-106.87333333333333,37323.0,
18:25:31,121621.0,4.19,-32.8,39.4,35.85166666666667,-106.86,37305.0,
18:26:31,121677.0,4.18,-32.6,39.4,35.86,-106.84833333333333,37324.0,
18:27:31,121733.0,4.17,-33.2,36.5,35.86833333333333,-106.835,37349.0,
18:28:31,121621.0,4.19,-33.6,40.0,35.875,-106.82166666666667,37329.0,
18:29:31,121621.0,4.19,-34.1,36.0,35.88166666666667,-106.81,37312.0,
18:30:31,121790.0,4.16,-34.0,40.0,35.89,-106.79666666666667,37345.0,
18:31:31,121847.0,4.15,-33.8,36.5,35.89666666666667,-106.78333333333333,37383.0,
18:32:31,121733.0,4.17,-33.3,36.5,35.903333333333336,-106.77166666666666,37367.0,
18:33:31,121733.0,4.17,-33.0,36.5,35.91,-106.76,37344.0,
18:34:31,121847.0,4.15,-32.9,40.7,35.91833333333334,-106.74666666666667,37370.0,
18:35:31,121960.0,4.13,-33.3,40.7,35.925,-106.73333333333333,37410.0,
18:36:31,121960.0,4.13,-33.7,37.1,35.931666666666665,-106.72166666666666,37418.0,
18:37:31,121903.0,4.14,-33.5,37.1,35.94,-106.70833333333333,37403.0,
18:38:31,121903.0,4.14,-33.2,37.1,35.946666666666665,-106.69666666666667,37389.0,
18:39:31,121903.0,4.14,-33.0,37.1,35.95333333333333,-106.685,37388.0,
18:40:31,121847.0,4.15,-33.0,37.7,35.96,-106.67333333333333,37380.0,
18:41:31,121847.0,4.15,-33.3,37.7,35.96666666666667,-106.66,37368.0,
18:42:31,121903.0,4.14,-33.6,37.7,35.973333333333336,-106.64833333333333,37378.0,
18:43:31,122017.0,4.12,-33.9,37.7,35.97833333333333,-106.63833333333334,37404.0,
18:44:32,121960.0,4.13,-34.3,37.7,35.985,-106.62666666666667,37419.0,
18:45:32,121903.0,4.14,-34.2,37.7,35.99,-106.615,37397.0,
18:46:32,121790.0,4.16,-33.6,37.7,35.99666666666667,-106.60333333333334,37371.0,
18:47:32,121847.0,4.15,-33.2,37.7,36.001666666666665,-106.59333333333333,37364.0,
18:48:32,121847.0,4.15,-33.2,37.7,36.00666666666667,-106.58333333333333,37370.0,
18:49:32,121847.0,4.15,-33.8,37.7,36.01166666666666,-106.57333333333334,37373.0,
18:50:32,121903.0,4.14,-34.1,38.2,36.016666666666666,-106.56333333333333,37374.0,
18:51:32,121903.0,4.14,-33.9,38.3,36.02333333333333,-106.55,37381.0,
18:52:32,121903.0,4.14,-33.2,38.2,36.028333333333336,-106.54,37381.0,
18:53:32,121847.0,4.15,-32.7,38.2,36.03333333333333,-106.53,37370.0,
18:54:32,121790.0,4.16,-32.5,38.3,36.038333333333334,-106.52,37355.0,
18:55:32,121733.0,4.17,-32.7,39.5,36.045,-106.50833333333334,37335.0,
18:56:32,121733.0,4.17,-32.9,39.5,36.05,-106.49833333333333,37331.0,
18:57:32,121790.0,4.16,-33.7,39.5,36.055,-106.48833333333333,37348.0,
18:58:32,121733.0,4.17,-33.9,38.2,36.06,-106.47666666666667,37349.0,
18:59:32,121621.0,4.19,-33.4,38.3,36.065,-106.465,37317.0,
19:00:32,121621.0,4.19,-32.7,38.3,36.071666666666665,-106.45333333333333,37292.0,
19:01:32,121790.0,4.16,-33.2,38.3,36.07666666666667,-106.44333333333333,37326.0,
19:02:32,121903.0,4.14,-34.3,38.3,36.08166666666666,-106.43333333333334,37371.0,
19:03:32,121903.0,4.14,-34.1,37.7,36.086666666666666,-106.42,37381.0,
19:04:32,121903.0,4.14,-34.1,37.7,36.09166666666667,-106.41,37373.0,
19:05:32,121903.0,4.14,-32.8,37.7,36.096666666666664,-106.39833333333333,37382.0,
19:06:32,121847.0,4.15,-33.0,38.3,36.10166666666667,-106.38833333333334,37378.0,
19:07:33,121733.0,4.17,-32.4,38.3,36.108333333333334,-106.37666666666667,37341.0,
19:08:33,121621.0,4.19,-32.2,38.9,36.11333333333334,-106.36666666666666,37312.0,
19:09:33,121677.0,4.18,-31.9,39.5,36.11666666666667,-106.35666666666667,37309.0,
19:10:33,121677.0,4.18,-31.9,39.5,36.12166666666667,-106.345,37318.0,
19:11:33,121677.0,4.18,-32.3,39.5,36.126666666666665,-106.335,37317.0,
19:12:33,121565.0,4.2,-32.3,39.5,36.13166666666667,-106.325,37302.0,
19:13:33,121509.0,4.21,-32.4,39.5,36.135,-106.315,37282.0,
19:14:33,121565.0,4.2,-32.3,39.5,36.14,-106.305,37280.0,
19:15:33,121621.0,4.19,-32.9,39.5,36.14333333333333,-106.295,37302.0,
19:16:33,121621.0,4.19,-33.4,39.5,36.14833333333333,-106.28666666666666,37312.0,
19:17:33,121621.0,4.19,-33.6,38.3,36.151666666666664,-106.27666666666667,37303.0,
19:18:33,121621.0,4.19,-33.3,37.7,36.156666666666666,-106.26333333333334,37292.0,
19:19:33,121733.0,4.17,-33.1,36.0,36.16,-106.25333333333333,37314.0,
19:20:33,121733.0,4.17,-33.5,35.0,36.165,-106.24333333333334,37337.0,
19:21:33,121621.0,4.19,-33.8,33.9,36.16833333333334,-106.23333333333333,37320.0,
19:22:33,121509.0,4.21,-33.0,35.0,36.17333333333333,-106.22333333333333,37277.0,
19:23:33,121453.0,4.22,-32.0,35.5,36.17666666666667,-106.21333333333334,37255.0,
19:24:33,121509.0,4.21,-32.2,36.6,36.181666666666665,-106.20333333333333,37262.0,
19:25:33,121453.0,4.22,-33.4,37.2,36.185,-106.19333333333333,37258.0,
19:26:33,121342.0,4.24,-33.3,37.2,36.19,-106.18333333333334,37232.0,
19:27:33,121287.0,4.25,-32.4,37.7,36.195,-106.17333333333333,37212.0,
19:28:33,121287.0,4.25,-31.8,38.3,36.19833333333333,-106.16333333333333,37203.0,
19:29:34,121342.0,4.24,-32.4,38.3,36.20166666666667,-106.15166666666667,37203.0,
19:30:34,121342.0,4.24,-33.2,38.3,36.20666666666666,-106.14166666666667,37211.0,
19:31:34,121398.0,4.23,-33.5,38.3,36.21,-106.13166666666666,37220.0,
19:32:34,121398.0,4.23,-33.5,38.9,36.21333333333333,-106.12166666666667,37225.0,
19:33:34,121342.0,4.24,-33.1,39.5,36.218333333333334,-106.10833333333333,37218.0,
19:34:34,121287.0,4.25,-32.7,39.5,36.223333333333336,-106.09833333333333,37204.0,
19:35:34,121287.0,4.25,-33.1,39.5,36.22666666666667,-106.08666666666667,37200.0,
19:36:34,121231.0,4.26,-33.3,38.3,36.23166666666667,-106.075,37197.0,
19:37:34,121121.0,4.28,-33.1,37.7,36.235,-106.065,37165.0,
19:38:34,120903.0,4.32,-32.7,37.7,36.23833333333334,-106.05333333333333,37112.0,
19:39:34,120741.0,4.35,-31.2,38.3,36.24333333333333,-106.04166666666667,37053.0,
19:40:34,120795.0,4.34,-31.2,38.3,36.24666666666667,-106.03166666666667,37045.0,
19:41:34,120903.0,4.32,-32.4,38.3,36.25,-106.02166666666666,37072.0,
19:42:34,120849.0,4.33,-32.8,38.3,36.25333333333333,-106.01,37077.0,
19:43:34,120741.0,4.35,-32.6,38.3,36.25666666666667,-108.0,37040.0,
19:44:34,120741.0,4.35,-32.5,39.5,36.26166666666666,-107.98666666666666,37024.0,
19:45:34,120903.0,4.32,-32.7,39.5,36.266666666666666,-107.97666666666667,37065.0,
19:46:34,120957.0,4.31,-33.1,38.3,36.27,-107.96666666666667,37094.0,
19:47:34,120741.0,4.35,-32.8,37.2,36.27333333333333,-107.95333333333333,37051.0,
19:48:34,120526.0,4.39,-30.7,37.2,36.278333333333336,-107.94333333333333,36984.0,
19:49:34,120633.0,4.37,-30.4,37.8,36.28333333333333,-107.93166666666667,36987.0,
19:50:34,120741.0,4.35,-30.2,38.3,36.288333333333334,-107.92,37026.0,
19:51:34,120633.0,4.37,-30.2,38.3,36.29333333333334,-107.91,37016.0,
19:52:35,120580.0,4.38,-30.6,39.5,36.29833333333333,-107.89666666666666,36985.0,
19:53:35,120741.0,4.35,-29.9,40.1,36.305,-107.885,37006.0,
19:54:35,120741.0,4.35,-30.4,40.1,36.31,-107.875,37034.0,
19:55:35,120526.0,4.39,-29.9,40.1,36.315,-107.86333333333333,37002.0,
19:56:35,120473.0,4.4,-29.6,40.1,36.321666666666665,-107.85166666666667,36955.0,
19:57:35,120473.0,4.4,-30.1,40.1,36.32666666666667,-107.84166666666667,36957.0,
19:58:35,120473.0,4.4,-30.6,40.7,36.333333333333336,-107.83,36966.0,
19:59:35,120420.0,4.41,-30.7,40.7,36.34,-107.81833333333333,36949.0,
20:00:35,120473.0,4.4,-30.6,40.1,36.345,-107.80833333333334,36947.0,
20:01:35,120473.0,4.4,-30.3,40.1,36.35166666666667,-107.79666666666667,36959.0,
20:02:35,120366.0,4.42,-30.2,40.7,36.358333333333334,-107.785,36938.0,
20:03:35,120366.0,4.42,-30.4,40.7,36.365,-107.775,36926.0,
20:04:35,120366.0,4.42,-30.4,40.1,36.37166666666667,-107.76333333333334,36935.0,
20:05:35,120208.0,4.45,-29.3,40.1,36.37833333333333,-107.75333333333333,36900.0,
20:06:35,120155.0,4.46,-29.2,40.1,36.385,-107.74333333333334,36867.0,
20:07:35,120313.0,4.43,-29.7,40.7,36.39,-107.73333333333333,36906.0,
20:08:35,120420.0,4.41,-29.6,40.1,36.39666666666667,-107.72333333333333,36952.0,
20:09:35,120208.0,4.45,-28.7,40.1,36.403333333333336,-107.71333333333334,36924.0,
20:10:35,120103.0,4.47,-28.3,40.7,36.41,-107.70166666666667,36872.0,
20:11:35,120103.0,4.47,-28.0,40.7,36.41833333333334,-107.69166666666666,36855.0,
20:12:35,120103.0,4.47,-27.8,41.4,36.42333333333333,-107.68166666666667,36853.0,
20:13:35,120103.0,4.47,-28.3,40.7,36.43,-107.67333333333333,36858.0,
20:14:35,120103.0,4.47,-28.8,40.7,36.43833333333333,-107.66333333333333,36871.0,
20:15:36,120103.0,4.47,-28.6,40.7,36.445,-107.655,36866.0,
20:16:36,120155.0,4.46,-29.6,40.1,36.45333333333333,-107.645,36873.0,
20:17:36,120103.0,4.47,-28.2,38.3,36.46,-107.63666666666667,36872.0,
20:18:36,119998.0,4.49,-28.0,35.5,36.46666666666667,-107.625,36848.0,
20:19:36,120103.0,4.47,-27.9,32.9,36.473333333333336,-107.61666666666666,36852.0,
20:20:36,120208.0,4.45,-28.2,30.0,36.48,-107.60666666666667,36887.0,
20:21:36,120261.0,4.44,-32.9,27.8,36.48833333333334,-107.59666666666666,36903.0,
20:22:36,120313.0,4.43,-33.7,26.1,36.495,-107.58666666666667,36915.0,
20:23:36,120366.0,4.42,-34.2,24.9,36.501666666666665,-107.57833333333333,36937.0,
20:24:36,120208.0,4.45,-34.3,24.1,36.50833333333333,-107.56666666666666,36917.0,
20:25:36,120103.0,4.47,-34.4,22.9,36.515,-107.55833333333334,36873.0,
20:26:36,120155.0,4.46,-34.7,22.2,36.52166666666667,-107.54833333333333,36873.0,
20:27:36,120366.0,4.42,-35.2,21.4,36.526666666666664,-107.53833333333333,36920.0,
20:28:36,120420.0,4.41,-35.4,21.1,36.53333333333333,-107.52833333333334,36954.0,
20:29:36,120366.0,4.42,-35.4,20.7,36.54,-107.52,36959.0,
20:30:36,120473.0,4.4,-35.4,20.4,36.545,-107.51,36958.0,
20:31:36,120580.0,4.38,-35.6,20.4,36.55166666666667,-107.5,36982.0,
20:32:36,120687.0,4.36,-35.9,20.0,36.556666666666665,-107.49,37017.0,
20:33:36,120795.0,4.34,-36.1,19.7,36.56333333333333,-107.48,37054.0,
20:34:36,120849.0,4.33,-36.1,19.3,36.57,-107.47166666666666,37076.0,
20:35:36,120795.0,4.34,-36.0,19.3,36.57666666666667,-107.46,37079.0,
20:36:36,120741.0,4.35,-35.8,19.0,36.583333333333336,-107.45166666666667,37061.0,
20:37:37,120741.0,4.35,-35.6,19.0,36.59,-107.44166666666666,37047.0,
20:38:37,120741.0,4.35,-32.2,19.0,36.595,-107.43333333333334,37046.0,
20:39:37,120741.0,4.35,-31.5,18.7,36.60166666666667,-107.42333333333333,37047.0,
20:40:37,120741.0,4.35,-30.9,18.6,36.608333333333334,-107.41333333333333,37042.0,
20:41:37,120795.0,4.34,-30.9,18.3,36.615,-107.40333333333334,37052.0,
20:42:37,120849.0,4.33,-35.4,18.3,36.62166666666667,-107.39333333333333,37076.0,
20:43:37,120849.0,4.33,-35.8,18.3,36.62833333333333,-107.385,37079.0,
20:44:37,120849.0,4.33,-35.8,18.3,36.635,-107.37333333333333,37073.0,
20:45:37,120957.0,4.31,-36.2,18.3,36.641666666666666,-107.36333333333333,37094.0,
20:46:37,121012.0,4.3,-36.5,18.3,36.65,-107.35333333333334,37127.0,
20:47:37,120957.0,4.31,-36.4,18.3,36.656666666666666,-107.34333333333333,37122.0,
20:48:37,120849.0,4.33,-35.9,20.0,36.663333333333334,-107.335,37089.0,
20:49:37,120795.0,4.34,-36.1,18.7,36.67,-107.325,37076.0,
20:50:37,120633.0,4.37,-35.9,18.7,36.678333333333335,-107.315,37049.0,
20:51:37,120580.0,4.38,-35.5,18.3,36.685,-107.30666666666667,37009.0,
20:52:37,120633.0,4.37,-35.5,18.3,36.69166666666667,-107.29666666666667,37004.0,
20:53:37,120633.0,4.37,-35.3,19.7,36.7,-107.28666666666666,37026.0,
20:54:37,120741.0,4.35,-35.6,18.3,36.70666666666666,-107.27833333333334,37039.0,
20:55:37,120795.0,4.34,-31.9,18.3,36.71333333333333,-107.26833333333333,37055.0,
20:56:37,120795.0,4.34,-31.3,17.3,36.72,-107.25833333333334,37064.0,
20:57:37,120687.0,4.36,-30.6,17.3,36.72833333333333,-107.25,37048.0,
20:58:37,120633.0,4.37,-30.2,17.3,36.735,-107.24,37020.0,
20:59:37,120795.0,4.34,-30.3,17.4,36.74166666666667,-107.23,37042.0,
21:00:38,121012.0,4.3,-30.9,17.0,36.748333333333335,-107.22166666666666,37102.0,
21:01:38,120957.0,4.31,-31.4,17.0,36.75666666666667,-107.21166666666667,37129.0,
21:02:38,120795.0,4.34,-31.1,16.7,36.763333333333335,-107.20333333333333,37090.0,
21:03:38,120741.0,4.35,-35.0,17.0,36.77,-107.195,37063.0,
21:04:38,120849.0,4.33,-35.8,17.0,36.776666666666664,-107.18666666666667,37075.0,
21:05:38,120849.0,4.33,-36.1,17.0,36.785,-107.17833333333333,37092.0,
21:06:38,120849.0,4.33,-36.2,16.7,36.791666666666664,-107.17,37089.0,
21:07:38,120903.0,4.32,-36.3,16.7,36.79833333333333,-107.16166666666666,37094.0,
21:08:38,121012.0,4.3,-36.3,18.3,36.805,-107.15333333333334,37123.0,
21:09:38,120957.0,4.31,-36.2,16.4,36.81166666666667,-107.14666666666666,37125.0,
21:10:38,120849.0,4.33,-32.5,16.1,36.82,-107.13833333333334,37095.0,
21:11:38,120795.0,4.34,-31.5,16.1,36.82666666666667,-107.13,37064.0,
21:12:38,120795.0,4.34,-30.8,16.1,36.833333333333336,-107.12166666666667,37066.0,
21:13:38,120795.0,4.34,-30.1,17.0,36.84166666666667,-107.11333333333333,37076.0,
21:14:38,120795.0,4.34,-29.7,15.8,36.848333333333336,-107.10666666666667,37071.0,
21:15:38,120849.0,4.33,-28.9,16.7,36.855,-107.09833333333333,37076.0,
21:16:38,120957.0,4.31,-28.8,16.7,36.86,-107.09166666666667,37102.0,
21:17:38,120957.0,4.31,-28.7,16.7,36.86833333333333,-107.08333333333333,37117.0,
21:18:38,120957.0,4.31,-28.5,15.8,36.873333333333335,-107.07666666666667,37113.0,
21:19:38,120957.0,4.31,-28.4,16.7,36.88166666666667,-107.06833333333333,37112.0,
21:20:38,120957.0,4.31,-28.9,16.7,36.88666666666667,-107.06166666666667,37123.0,
21:21:38,121012.0,4.3,-28.7,16.4,36.891666666666666,-107.055,37132.0,
21:22:38,120957.0,4.31,-28.5,16.4,36.89833333333333,-107.04666666666667,37123.0,
21:23:39,120957.0,4.31,-29.3,15.8,36.905,-107.04,37111.0,
21:24:39,120957.0,4.31,-29.3,16.1,36.91166666666667,-107.03166666666667,37107.0,
21:25:39,120957.0,4.31,-29.5,16.1,36.916666666666664,-107.02333333333333,37111.0,
21:26:39,120957.0,4.31,-29.6,15.2,36.92333333333333,-107.015,37114.0,
21:27:39,120957.0,4.31,-29.6,15.2,36.928333333333335,-107.00666666666666,37116.0,
21:28:39,121067.0,4.29,-29.8,14.9,36.93333333333333,-108.99833333333333,37127.0,
21:29:39,121012.0,4.3,-30.3,14.9,36.94,-108.98833333333333,37138.0,
21:30:39,120957.0,4.31,-29.6,14.6,36.945,-108.98,37120.0,
21:31:39,120957.0,4.31,-28.9,14.6,36.95166666666667,-108.97166666666666,37100.0,
21:32:39,120903.0,4.32,-29.6,14.6,36.95666666666666,-108.96333333333334,37100.0,
21:33:39,120849.0,4.33,-29.2,14.6,36.96333333333333,-108.95333333333333,37090.0,
21:34:39,120741.0,4.35,-28.9,14.6,36.968333333333334,-108.94666666666667,37062.0,
21:35:39,120741.0,4.35,-28.9,14.6,36.975,-108.93833333333333,37039.0,
21:36:39,120795.0,4.34,-29.5,14.6,36.98,-108.93,37051.0,
21:37:39,120849.0,4.33,-33.9,14.6,36.986666666666665,-108.92333333333333,37071.0,
21:38:39,120741.0,4.35,-35.0,14.6,36.99333333333333,-108.91333333333333,37069.0,
21:39:39,120687.0,4.36,-35.2,14.3,37.0,-108.90666666666667,37042.0,
21:40:39,120795.0,4.34,-35.3,14.6,37.005,-108.89833333333333,37047.0,
21:41:39,120849.0,4.33,-36.0,14.6,37.01166666666666,-108.89,37069.0,
21:42:39,120849.0,4.33,-36.2,14.3,37.01833333333333,-108.88166666666666,37080.0,
21:43:39,120903.0,4.32,-36.3,14.0,37.02333333333333,-108.87333333333333,37085.0,
21:44:39,120957.0,4.31,-36.5,14.0,37.03,-108.86666666666666,37097.0,
21:45:40,120957.0,4.31,-36.5,14.3,37.03666666666667,-108.85666666666667,37109.0,
21:46:40,120903.0,4.32,-36.3,14.3,37.041666666666664,-108.84833333333333,37103.0,
21:47:40,120903.0,4.32,-35.9,14.3,37.04833333333333,-108.83833333333334,37090.0,
21:48:40,120957.0,4.31,-35.2,14.6,37.053333333333335,-108.83,37100.0,
21:49:40,121067.0,4.29,-36.0,14.3,37.06,-108.82333333333334,37129.0,
21:50:40,121012.0,4.3,-36.4,14.0,37.06666666666667,-108.81333333333333,37136.0,
21:51:40,120795.0,4.34,-36.0,14.0,37.07333333333333,-108.805,37084.0,
21:52:40,120633.0,4.37,-35.6,14.0,37.08,-108.79666666666667,37014.0,
21:53:40,120849.0,4.33,-35.8,14.0,37.086666666666666,-108.78833333333333,37034.0,
21:54:40,121176.0,4.27,-36.7,14.3,37.095,-108.77833333333334,37136.0,
21:55:40,121342.0,4.24,-37.5,14.0,37.10166666666667,-108.77166666666666,37208.0,
21:56:40,121176.0,4.27,-37.5,13.4,37.108333333333334,-108.76333333333334,37195.0,
21:57:40,120957.0,4.31,-36.3,12.9,37.115,-108.755,37125.0,
21:58:40,121012.0,4.3,-36.6,13.4,37.123333333333335,-108.74666666666667,37100.0,
21:59:40,121176.0,4.27,-36.8,13.4,37.13,-108.73833333333333,37145.0,
22:00:40,121287.0,4.25,-37.0,13.7,37.13666666666666,-108.72833333333334,37192.0,
22:01:40,121287.0,4.25,-37.0,13.7,37.14333333333333,-108.72166666666666,37201.0,
22:02:40,121121.0,4.28,-37.0,13.4,37.151666666666664,-108.71166666666667,37175.0,
22:03:40,120957.0,4.31,-36.6,13.4,37.156666666666666,-108.705,37118.0,
22:04:40,120795.0,4.34,-36.2,12.9,37.163333333333334,-108.69666666666667,37069.0,
22:05:40,120741.0,4.35,-36.0,12.9,37.17166666666667,-108.68833333333333,37041.0,
22:06:40,120741.0,4.35,-35.8,13.4,37.178333333333335,-108.68166666666667,37038.0,
22:07:40,120795.0,4.34,-35.9,13.4,37.18333333333333,-108.675,37050.0,
22:08:41,120741.0,4.35,-36.0,12.9,37.19,-108.66833333333334,37056.0,
22:09:41,120580.0,4.38,-36.0,12.6,37.196666666666665,-108.66166666666666,37025.0,
22:10:41,120366.0,4.42,-35.5,13.4,37.20333333333333,-108.65333333333334,36964.0,
22:11:41,120261.0,4.44,-32.5,15.5,37.21,-108.64833333333333,36904.0,
22:12:41,120366.0,4.42,-32.7,18.4,37.215,-108.64166666666667,36911.0,
22:13:41,120473.0,4.4,-33.8,21.1,37.22,-108.635,36951.0,
22:14:41,120473.0,4.4,-32.4,22.6,37.22666666666667,-108.62833333333333,36970.0,
22:15:41,120313.0,4.43,-32.4,24.1,37.23166666666667,-108.62166666666667,36945.0,
22:16:41,120155.0,4.46,-35.1,24.9,37.236666666666665,-108.61333333333333,36897.0,
22:17:41,120051.0,4.48,-35.2,25.7,37.24166666666667,-108.60666666666667,36866.0,
22:18:41,119894.0,4.51,-35.4,25.7,37.24666666666667,-108.6,36825.0,
22:19:41,119636.0,4.56,-35.2,24.9,37.251666666666665,-108.59333333333333,36759.0,
22:20:41,119483.0,4.59,-34.8,23.0,37.25666666666667,-108.585,36699.0,
22:21:41,119483.0,4.59,-34.7,21.1,37.26166666666666,-108.57666666666667,36683.0,
22:22:41,119483.0,4.59,-34.9,19.4,37.266666666666666,-108.57,36692.0,
22:23:41,119331.0,4.62,-35.1,18.4,37.27166666666667,-108.56166666666667,36671.0,
22:24:41,119130.0,4.66,-35.4,16.1,37.275,-108.55333333333333,36610.0,
22:25:41,118980.0,4.69,-35.2,15.2,37.28,-108.54333333333334,36552.0,
22:26:41,118980.0,4.69,-33.0,15.2,37.285,-108.535,36536.0,
22:27:41,118930.0,4.7,-35.0,16.1,37.29,-108.525,36540.0,
22:28:41,118880.0,4.71,-32.3,17.4,37.29333333333334,-108.51666666666667,36521.0,
22:29:41,118831.0,4.72,-32.6,18.7,37.29833333333333,-108.50833333333334,36504.0,
22:30:41,118880.0,4.71,-33.0,19.7,37.303333333333335,-108.49833333333333,36507.0,
22:31:42,118831.0,4.72,-32.8,21.1,37.30833333333333,-108.48833333333333,36506.0,
22:32:42,118732.0,4.74,-32.1,22.2,37.31166666666667,-108.48,36482.0,
22:33:42,118634.0,4.76,-31.0,22.9,37.31666666666667,-108.47,36448.0,
22:34:42,118634.0,4.76,-31.2,24.1,37.32,-108.46,36433.0,
22:35:42,118634.0,4.76,-34.5,24.1,37.325,-108.45,36446.0,
22:36:42,118536.0,4.78,-33.7,24.1,37.32833333333333,-108.44,36442.0,
22:37:42,118439.0,4.8,-27.5,24.1,37.33166666666666,-108.43,36398.0,
22:38:42,118391.0,4.81,-17.7,24.1,37.335,-108.42166666666667,36366.0,
22:39:42,118488.0,4.79,-28.2,24.1,37.34,-108.41,36384.0,
22:40:42,118634.0,4.76,-32.0,24.1,37.343333333333334,-108.40166666666667,36437.0,
22:41:42,118439.0,4.8,-34.2,24.1,37.346666666666664,-108.39166666666667,36434.0,
22:42:42,118006.0,4.89,-33.8,23.3,37.35166666666667,-108.38166666666666,36338.0,
22:43:42,117723.0,4.95,-32.5,23.3,37.35666666666667,-108.37166666666667,36211.0,
22:44:42,117959.0,4.9,-32.8,24.1,37.361666666666665,-108.36333333333333,36223.0,
22:45:42,118198.0,4.85,-32.8,24.1,37.36666666666667,-108.355,36311.0,
22:46:42,118198.0,4.85,-33.5,24.1,37.37166666666667,-108.34833333333333,36342.0,
22:47:42,117911.0,4.91,-32.2,22.9,37.376666666666665,-108.33666666666667,36275.0,
22:48:42,117770.0,4.94,-32.0,22.5,37.38166666666667,-108.32833333333333,36208.0,
22:49:42,117770.0,4.94,-31.6,22.5,37.38666666666666,-108.32,36190.0,
22:50:42,117864.0,4.92,-33.1,22.5,37.39,-108.31,36215.0,
22:51:42,117911.0,4.91,-33.4,22.2,37.395,-108.30166666666666,36238.0,
22:52:42,117723.0,4.95,-33.8,21.4,37.39833333333333,-108.29166666666667,36217.0,
22:53:43,117258.0,5.05,-33.5,20.4,37.403333333333336,-108.28166666666667,36104.0,
22:54:43,116758.0,5.16,-33.8,20.0,37.405,-108.27166666666666,35948.0,
22:55:43,116490.0,5.22,-32.1,19.7,37.406666666666666,-108.26333333333334,35835.0,
22:56:43,116623.0,5.19,-35.2,20.0,37.40833333333333,-108.255,35844.0,
22:57:43,116713.0,5.17,-35.3,19.7,37.41,-108.245,35889.0,
22:58:43,116534.0,5.21,-33.9,18.6,37.41166666666667,-108.23666666666666,35871.0,
22:59:43,116357.0,5.25,-32.8,17.0,37.41166666666667,-108.22666666666667,35804.0,
23:00:43,116313.0,5.26,-31.6,15.8,37.413333333333334,-108.21833333333333,35775.0,
23:01:43,116269.0,5.27,-31.4,14.6,37.413333333333334,-108.20833333333333,35772.0,
23:02:43,116181.0,5.29,-31.9,12.8,37.415,-108.2,35748.0,
23:03:43,116050.0,5.32,-31.2,10.9,37.415,-108.19,35712.0,
23:04:43,115964.0,5.34,-31.0,9.1,37.415,-108.18166666666667,35679.0,
23:05:43,115877.0,5.36,-30.5,7.9,37.415,-108.175,35658.0,
23:06:43,115791.0,5.38,-31.1,7.4,37.415,-108.16666666666667,35634.0,
23:07:43,115535.0,5.44,-33.9,7.4,37.415,-108.16,35582.0,
23:08:43,115323.0,5.49,-33.2,7.2,37.415,-108.15333333333334,35506.0,
23:09:43,115450.0,5.46,-26.4,10.1,37.415,-108.145,35491.0,
23:10:43,115748.0,5.39,-29.9,10.1,37.415,-108.13833333333334,35578.0,
23:11:43,115834.0,5.37,-32.7,11.2,37.415,-108.13166666666666,35631.0,
23:12:43,115620.0,5.42,-32.7,12.3,37.415,-108.12333333333333,35601.0,
23:13:43,115281.0,5.5,-32.8,12.8,37.415,-108.11666666666666,35508.0,
23:14:43,115156.0,5.53,-33.2,13.7,37.415,-108.10833333333333,35432.0,
23:15:43,115239.0,5.51,-32.7,14.2,37.416666666666664,-108.10166666666667,35441.0,
23:16:44,115365.0,5.48,-32.9,14.5,37.416666666666664,-108.095,35492.0,
23:17:44,115323.0,5.49,-34.4,14.5,37.416666666666664,-108.08666666666667,35499.0,
23:18:44,105245.0,8.55,-40.1,17.0,37.416666666666664,-108.07666666666667,34047.0,
23:19:44,94000.0,14.24,-50.0,9.3,37.415,-108.06833333333333,30516.0,
23:21:11,81281.0,25.85,-53.9,6.2,37.415,-108.06833333333333,30516.0,
23:22:12,75168.0,34.64,-99.0,2.1,37.416666666666664,-108.055,23811.0,
23:23:12,70072.0,44.31,-99.0,-2.2,37.415,-108.05166666666666,22228.0,
23:24:12,65413.0,55.56,-99.0,-2.9,37.41166666666667,-108.05166666666666,20869.0,
23:25:12,60979.0,68.94,-99.0,-12.9,37.413333333333334,-108.05,19481.0,
23:26:12,57117.0,83.19,-99.0,-21.0,37.413333333333334,-108.05,18308.0,
23:27:13,52532.0,103.9,-99.0,-20.8,37.413333333333334,-108.05333333333333,17278.0,
23:28:13,49363.0,121.06,-99.0,-24.5,37.415,-108.05833333333334,16374.0,
23:29:14,46799.0,136.9,-99.0,-18.8,37.41833333333334,-108.06166666666667,15560.0,
23:30:14,43700.0,158.68,-99.0,-30.0,37.42333333333333,-108.06333333333333,14781.0,
23:31:14,42257.0,169.9,-99.0,-21.6,37.425,-108.065,14055.0,
23:32:14,39584.0,192.67,-99.0,-20.0,37.42666666666667,-108.06666666666666,13337.0,
23:33:14,37221.0,215.11,-99.0,-26.2,37.43,-108.07166666666667,12654.0,
23:34:14,35748.0,230.29,-99.0,-23.2,37.43833333333333,-108.07333333333334,12034.0,
23:35:14,33554.0,254.71,-99.0,-6.6,37.44166666666667,-108.075,11441.0,
23:36:14,31858.0,275.17,-99.0,-12.5,37.445,-108.07833333333333,10869.0,
23:37:14,30421.0,293.65,-99.0,-16.5,37.446666666666665,-108.08333333333333,10317.0,
23:38:15,28478.0,320.38,-99.0,-12.2,37.44833333333333,-108.09,9774.0,
23:39:16,27152.0,339.85,-99.0,-7.8,37.45,-108.095,9262.0,
23:40:16,25601.0,363.94,-99.0,9.0,37.45166666666667,-108.09833333333333,8763.0,
23:41:16,23924.0,391.66,-99.0,8.0,37.455,-108.10333333333334,8254.0,
23:42:16,22493.0,416.74,-99.0,0.1,37.458333333333336,-108.10333333333334,7807.0,
